summary,views,443,38
summary,clones,121,103
timestamp,type,count,uniques
2025-07-22T00:00:00Z,clones,52,42
2025-07-22T00:00:00Z,views,203,3
2025-07-23T00:00:00Z,clones,3,3
2025-07-24T00:00:00Z,clones,37,29
2025-07-24T00:00:00Z,views,154,26
2025-07-25T00:00:00Z,clones,4,4
2025-07-25T00:00:00Z,views,13,2
2025-07-26T00:00:00Z,clones,3,3
2025-07-26T00:00:00Z,views,1,1
2025-07-27T00:00:00Z,clones,5,5
2025-07-27T00:00:00Z,views,2,2
2025-07-28T00:00:00Z,clones,5,5
2025-07-28T00:00:00Z,views,3,3
2025-07-29T00:00:00Z,clones,3,3
2025-07-30T00:00:00Z,clones,9,9
2025-07-30T00:00:00Z,views,67,1
timestamp,type,count,uniques
